0.000000,-0.000003
1.000000,-0.000003
2.000000,-0.000003
3.000000,-0.000003
4.000000,-0.000003
5.000000,-0.000003
6.000000,-0.000003
7.000000,-0.000002
8.000000,-0.000002
9.000000,-0.000002
10.000000,-0.000002
11.000000,-0.000002
12.000000,-0.000002
13.000000,-0.000002
14.000000,-0.000002
15.000000,-0.000002
16.000000,-0.000002
17.000000,-0.000002
18.000000,-0.000002
19.000000,-0.000002
20.000000,-0.000002
21.000000,-0.000002
22.000000,-0.000002
23.000000,-0.000002
24.000000,-0.000002
25.000000,-0.000002
26.000000,-0.000002
27.000000,-0.000001
28.000000,-0.000001
29.000000,-0.000001
30.000000,-0.000001
31.000000,-0.000001
32.000000,-0.000001
33.000000,-0.000001
34.000000,-0.000001
35.000000,-0.000001
36.000000,-0.000001
37.000000,0.000000
38.000000,0.000000
39.000000,0.000000
40.000000,0.000000
41.000000,0.000000
42.000000,0.000000
43.000000,0.000000
44.000000,0.000000
45.000000,0.000001
46.000000,0.000001
47.000000,0.000001
48.000000,0.000002
49.000000,0.000002
50.000000,0.000002
51.000000,0.000003
52.000000,0.000003
53.000000,0.000003
54.000000,0.000004
55.000000,0.000004
56.000000,0.000004
57.000000,0.000005
58.000000,0.000005
59.000000,0.000006
60.000000,0.000006
61.000000,0.000007
62.000000,0.000007
63.000000,0.000008
64.000000,0.000008
65.000000,0.000009
66.000000,0.000009
67.000000,0.000010
68.000000,0.000010
69.000000,0.000011
70.000000,0.000011
71.000000,0.000012
72.000000,0.000012
73.000000,0.000013
74.000000,0.000014
75.000000,0.000014
76.000000,0.000015
77.000000,0.000015
78.000000,0.000016
79.000000,0.000017
80.000000,0.000017
81.000000,0.000018
82.000000,0.000019
83.000000,0.000020
84.000000,0.000020
85.000000,0.000021
86.000000,0.000022
87.000000,0.000022
88.000000,0.000023
89.000000,0.000024
90.000000,0.000025
91.000000,0.000026
92.000000,0.000026
93.000000,0.000027
94.000000,0.000028
95.000000,0.000029
96.000000,0.000030
97.000000,0.000031
98.000000,0.000031
99.000000,0.000032
100.000000,0.000033
101.000000,0.000034
102.000000,0.000035
103.000000,0.000036
104.000000,0.000037
105.000000,0.000038
106.000000,0.000039
107.000000,0.000040
108.000000,0.000041
109.000000,0.000042
110.000000,0.000043
111.000000,0.000044
112.000000,0.000045
113.000000,0.000046
114.000000,0.000047
115.000000,0.000048
116.000000,0.000049
117.000000,0.000050
118.000000,0.000051
119.000000,0.000052
120.000000,0.000053
121.000000,0.000055
122.000000,0.000056
123.000000,0.000057
124.000000,0.000058
125.000000,0.000059
126.000000,0.000060
127.000000,0.000062
128.000000,0.000063
129.000000,0.000064
130.000000,0.000065
131.000000,0.000066
132.000000,0.000068
133.000000,0.000069
134.000000,0.000070
135.000000,0.000072
136.000000,0.000073
137.000000,0.000074
138.000000,0.000075
139.000000,0.000077
140.000000,0.000078
141.000000,0.000079
142.000000,0.000081
143.000000,0.000082
144.000000,0.000084
145.000000,0.000085
146.000000,0.000086
147.000000,0.000088
148.000000,0.000089
149.000000,0.000091
150.000000,0.000092
151.000000,0.000094
152.000000,0.000095
153.000000,0.000096
154.000000,0.000098
155.000000,0.000099
156.000000,0.000101
157.000000,0.000102
158.000000,0.000104
159.000000,0.000106
160.000000,0.000107
161.000000,0.000109
162.000000,0.000110
163.000000,0.000112
164.000000,0.000113
165.000000,0.000115
166.000000,0.000117
167.000000,0.000118
168.000000,0.000120
169.000000,0.000122
170.000000,0.000123
171.000000,0.000125
172.000000,0.000127
173.000000,0.000128
174.000000,0.000130
175.000000,0.000132
176.000000,0.000134
177.000000,0.000135
178.000000,0.000137
179.000000,0.000139
180.000000,0.000141
181.000000,0.000142
182.000000,0.000144
183.000000,0.000146
184.000000,0.000148
185.000000,0.000150
186.000000,0.000151
187.000000,0.000153
188.000000,0.000155
189.000000,0.000157
190.000000,0.000159
191.000000,0.000161
192.000000,0.000163
193.000000,0.000165
194.000000,0.000166
195.000000,0.000168
196.000000,0.000170
197.000000,0.000172
198.000000,0.000174
199.000000,0.000176
200.000000,0.000178
201.000000,0.000180
202.000000,0.000182
203.000000,0.000184
204.000000,0.000186
205.000000,0.000188
206.000000,0.000190
207.000000,0.000192
208.000000,0.000195
209.000000,0.000197
210.000000,0.000199
211.000000,0.000201
212.000000,0.000203
213.000000,0.000205
214.000000,0.000207
215.000000,0.000209
216.000000,0.000212
217.000000,0.000214
218.000000,0.000216
219.000000,0.000218
220.000000,0.000220
221.000000,0.000222
222.000000,0.000225
223.000000,0.000227
224.000000,0.000229
225.000000,0.000231
226.000000,0.000234
227.000000,0.000236
228.000000,0.000238
229.000000,0.000241
230.000000,0.000243
231.000000,0.000245
232.000000,0.000248
233.000000,0.000250
234.000000,0.000252
235.000000,0.000255
236.000000,0.000257
237.000000,0.000259
238.000000,0.000262
239.000000,0.000264
240.000000,0.000267
241.000000,0.000269
242.000000,0.000271
243.000000,0.000274
244.000000,0.000276
245.000000,0.000279
246.000000,0.000281
247.000000,0.000284
248.000000,0.000286
249.000000,0.000289
250.000000,0.000291
251.000000,0.000294
252.000000,0.000296
253.000000,0.000299
254.000000,0.000301
255.000000,0.000304
256.000000,0.000307
257.000000,0.000309
258.000000,0.000312
259.000000,0.000314
260.000000,0.000317
261.000000,0.000320
262.000000,0.000322
263.000000,0.000325
264.000000,0.000328
265.000000,0.000330
266.000000,0.000333
267.000000,0.000336
268.000000,0.000338
269.000000,0.000341
270.000000,0.000344
271.000000,0.000347
272.000000,0.000349
273.000000,0.000352
274.000000,0.000355
275.000000,0.000358
276.000000,0.000360
277.000000,0.000363
278.000000,0.000366
279.000000,0.000369
280.000000,0.000372
281.000000,0.000375
282.000000,0.000377
283.000000,0.000380
284.000000,0.000383
285.000000,0.000386
286.000000,0.000389
287.000000,0.000392
288.000000,0.000395
289.000000,0.000398
290.000000,0.000401
291.000000,0.000404
292.000000,0.000407
293.000000,0.000410
294.000000,0.000413
295.000000,0.000416
296.000000,0.000419
297.000000,0.000422
298.000000,0.000425
299.000000,0.000428
300.000000,0.000431
301.000000,0.000434
302.000000,0.000437
303.000000,0.000440
304.000000,0.000443
305.000000,0.000446
306.000000,0.000449
307.000000,0.000452
308.000000,0.000455
309.000000,0.000458
310.000000,0.000462
311.000000,0.000465
312.000000,0.000468
313.000000,0.000471
314.000000,0.000474
315.000000,0.000478
316.000000,0.000481
317.000000,0.000484
318.000000,0.000487
319.000000,0.000490
320.000000,0.000494
321.000000,0.000497
322.000000,0.000500
323.000000,0.000503
324.000000,0.000507
325.000000,0.000510
326.000000,0.000513
327.000000,0.000517
328.000000,0.000520
329.000000,0.000523
330.000000,0.000527
331.000000,0.000530
332.000000,0.000533
333.000000,0.000537
334.000000,0.000540
335.000000,0.000544
336.000000,0.000547
337.000000,0.000550
338.000000,0.000554
339.000000,0.000557
340.000000,0.000561
341.000000,0.000564
342.000000,0.000568
343.000000,0.000571
344.000000,0.000575
345.000000,0.000578
346.000000,0.000582
347.000000,0.000585
348.000000,0.000589
349.000000,0.000592
350.000000,0.000596
351.000000,0.000599
352.000000,0.000603
353.000000,0.000607
354.000000,0.000610
355.000000,0.000614
356.000000,0.000617
357.000000,0.000621
358.000000,0.000625
359.000000,0.000628
360.000000,0.000632
361.000000,0.000636
362.000000,0.000639
363.000000,0.000643
364.000000,0.000647
365.000000,0.000650
366.000000,0.000654
367.000000,0.000658
368.000000,0.000662
369.000000,0.000665
370.000000,0.000669
371.000000,0.000673
372.000000,0.000677
373.000000,0.000680
374.000000,0.000684
375.000000,0.000688
376.000000,0.000692
377.000000,0.000696
378.000000,0.000700
379.000000,0.000703
380.000000,0.000707
381.000000,0.000711
382.000000,0.000715
383.000000,0.000719
384.000000,0.000723
385.000000,0.000727
386.000000,0.000731
387.000000,0.000735
388.000000,0.000738
389.000000,0.000742
390.000000,0.000746
391.000000,0.000750
392.000000,0.000754
393.000000,0.000758
394.000000,0.000762
395.000000,0.000766
396.000000,0.000770
397.000000,0.000774
398.000000,0.000778
399.000000,0.000782
400.000000,0.000787
401.000000,0.000791
402.000000,0.000795
403.000000,0.000799
404.000000,0.000803
405.000000,0.000807
406.000000,0.000811
407.000000,0.000815
408.000000,0.000819
409.000000,0.000824
410.000000,0.000828
411.000000,0.000832
412.000000,0.000836
413.000000,0.000840
414.000000,0.000844
415.000000,0.000849
416.000000,0.000853
417.000000,0.000857
418.000000,0.000861
419.000000,0.000866
420.000000,0.000870
421.000000,0.000874
422.000000,0.000878
423.000000,0.000883
424.000000,0.000887
425.000000,0.000891
426.000000,0.000896
427.000000,0.000900
428.000000,0.000904
429.000000,0.000909
430.000000,0.000913
431.000000,0.000917
432.000000,0.000922
433.000000,0.000926
434.000000,0.000930
435.000000,0.000935
436.000000,0.000939
437.000000,0.000944
438.000000,0.000948
439.000000,0.000953
440.000000,0.000957
441.000000,0.000961
442.000000,0.000966
443.000000,0.000970
444.000000,0.000975
445.000000,0.000979
446.000000,0.000984
447.000000,0.000988
448.000000,0.000993
449.000000,0.000997
450.000000,0.001002
451.000000,0.001007
452.000000,0.001011
453.000000,0.001016
454.000000,0.001020
455.000000,0.001025
456.000000,0.001030
457.000000,0.001034
458.000000,0.001039
459.000000,0.001043
460.000000,0.001048
461.000000,0.001053
462.000000,0.001057
463.000000,0.001062
464.000000,0.001067
465.000000,0.001071
466.000000,0.001076
467.000000,0.001081
468.000000,0.001086
469.000000,0.001090
470.000000,0.001095
471.000000,0.001100
472.000000,0.001105
473.000000,0.001109
474.000000,0.001114
475.000000,0.001119
476.000000,0.001124
477.000000,0.001129
478.000000,0.001133
479.000000,0.001138
480.000000,0.001143
481.000000,0.001148
482.000000,0.001153
483.000000,0.001158
484.000000,0.001163
485.000000,0.001167
486.000000,0.001172
487.000000,0.001177
488.000000,0.001182
489.000000,0.001187
490.000000,0.001192
491.000000,0.001197
492.000000,0.001202
493.000000,0.001207
494.000000,0.001212
495.000000,0.001217
496.000000,0.001222
497.000000,0.001227
498.000000,0.001232
499.000000,0.001237
500.000000,0.001242
501.000000,0.001247
502.000000,0.001252
503.000000,0.001257
504.000000,0.001262
505.000000,0.001267
506.000000,0.001272
507.000000,0.001277
508.000000,0.001282
509.000000,0.001288
510.000000,0.001293
511.000000,0.001298
512.000000,0.001303
513.000000,0.001308
514.000000,0.001313
515.000000,0.001318
516.000000,0.001324
517.000000,0.001329
518.000000,0.001334
519.000000,0.001339
520.000000,0.001344
521.000000,0.001350
522.000000,0.001355
523.000000,0.001360
524.000000,0.001365
525.000000,0.001371
526.000000,0.001376
527.000000,0.001381
528.000000,0.001387
529.000000,0.001392
530.000000,0.001397
531.000000,0.001402
532.000000,0.001408
533.000000,0.001413
534.000000,0.001418
535.000000,0.001424
536.000000,0.001429
537.000000,0.001435
538.000000,0.001440
539.000000,0.001445
540.000000,0.001451
541.000000,0.001456
542.000000,0.001462
543.000000,0.001467
544.000000,0.001472
545.000000,0.001478
546.000000,0.001483
547.000000,0.001489
548.000000,0.001494
549.000000,0.001500
550.000000,0.001505
551.000000,0.001511
552.000000,0.001516
553.000000,0.001522
554.000000,0.001527
555.000000,0.001533
556.000000,0.001539
557.000000,0.001544
558.000000,0.001550
559.000000,0.001555
560.000000,0.001561
561.000000,0.001566
562.000000,0.001572
563.000000,0.001578
564.000000,0.001583
565.000000,0.001589
566.000000,0.001595
567.000000,0.001600
568.000000,0.001606
569.000000,0.001612
570.000000,0.001617
571.000000,0.001623
572.000000,0.001629
573.000000,0.001634
574.000000,0.001640
575.000000,0.001646
576.000000,0.001652
577.000000,0.001657
578.000000,0.001663
579.000000,0.001669
580.000000,0.001675
581.000000,0.001680
582.000000,0.001686
583.000000,0.001692
584.000000,0.001698
585.000000,0.001704
586.000000,0.001709
587.000000,0.001715
588.000000,0.001721
589.000000,0.001727
590.000000,0.001733
591.000000,0.001739
592.000000,0.001745
593.000000,0.001750
594.000000,0.001756
595.000000,0.001762
596.000000,0.001768
597.000000,0.001774
598.000000,0.001780
599.000000,0.001786
600.000000,0.001792
601.000000,0.001798
602.000000,0.001804
603.000000,0.001810
604.000000,0.001816
605.000000,0.001822
606.000000,0.001828
607.000000,0.001834
608.000000,0.001840
609.000000,0.001846
610.000000,0.001852
611.000000,0.001858
612.000000,0.001864
613.000000,0.001870
614.000000,0.001876
615.000000,0.001882
616.000000,0.001888
617.000000,0.001894
618.000000,0.001901
619.000000,0.001907
620.000000,0.001913
621.000000,0.001919
622.000000,0.001925
623.000000,0.001931
624.000000,0.001937
625.000000,0.001944
626.000000,0.001950
627.000000,0.001956
628.000000,0.001962
629.000000,0.001968
630.000000,0.001975
631.000000,0.001981
632.000000,0.001987
633.000000,0.001993
634.000000,0.001999
635.000000,0.002006
636.000000,0.002012
637.000000,0.002018
638.000000,0.002025
639.000000,0.002031
640.000000,0.002037
641.000000,0.002043
642.000000,0.002050
643.000000,0.002056
644.000000,0.002062
645.000000,0.002069
646.000000,0.002075
647.000000,0.002082
648.000000,0.002088
649.000000,0.002094
650.000000,0.002101
651.000000,0.002107
652.000000,0.002113
653.000000,0.002120
654.000000,0.002126
655.000000,0.002133
656.000000,0.002139
657.000000,0.002146
658.000000,0.002152
659.000000,0.002158
660.000000,0.002165
661.000000,0.002171
662.000000,0.002178
663.000000,0.002184
664.000000,0.002191
665.000000,0.002197
666.000000,0.002204
667.000000,0.002210
668.000000,0.002217
669.000000,0.002224
670.000000,0.002230
671.000000,0.002237
672.000000,0.002243
673.000000,0.002250
674.000000,0.002256
675.000000,0.002263
676.000000,0.002270
677.000000,0.002276
678.000000,0.002283
679.000000,0.002289
680.000000,0.002296
681.000000,0.002303
682.000000,0.002309
683.000000,0.002316
684.000000,0.002323
685.000000,0.002329
686.000000,0.002336
687.000000,0.002343
688.000000,0.002350
689.000000,0.002356
690.000000,0.002363
691.000000,0.002370
692.000000,0.002376
693.000000,0.002383
694.000000,0.002390
695.000000,0.002397
696.000000,0.002403
697.000000,0.002410
698.000000,0.002417
699.000000,0.002424
700.000000,0.002431
701.000000,0.002437
702.000000,0.002444
703.000000,0.002451
704.000000,0.002458
705.000000,0.002465
706.000000,0.002472
707.000000,0.002479
708.000000,0.002485
709.000000,0.002492
710.000000,0.002499
711.000000,0.002506
712.000000,0.002513
713.000000,0.002520
714.000000,0.002527
715.000000,0.002534
716.000000,0.002541
717.000000,0.002548
718.000000,0.002555
719.000000,0.002562
720.000000,0.002569
721.000000,0.002576
722.000000,0.002583
723.000000,0.002590
724.000000,0.002597
725.000000,0.002604
726.000000,0.002611
727.000000,0.002618
728.000000,0.002625
729.000000,0.002632
730.000000,0.002639
731.000000,0.002646
732.000000,0.002653
733.000000,0.002660
734.000000,0.002667
735.000000,0.002674
736.000000,0.002681
737.000000,0.002688
738.000000,0.002696
739.000000,0.002703
740.000000,0.002710
741.000000,0.002717
742.000000,0.002724
743.000000,0.002731
744.000000,0.002738
745.000000,0.002746
746.000000,0.002753
747.000000,0.002760
748.000000,0.002767
749.000000,0.002775
750.000000,0.002782
751.000000,0.002789
752.000000,0.002796
753.000000,0.002803
754.000000,0.002811
755.000000,0.002818
756.000000,0.002825
757.000000,0.002833
758.000000,0.002840
759.000000,0.002847
760.000000,0.002854
761.000000,0.002862
762.000000,0.002869
763.000000,0.002876
764.000000,0.002884
765.000000,0.002891
766.000000,0.002898
767.000000,0.002906
768.000000,0.002913
769.000000,0.002921
770.000000,0.002928
771.000000,0.002935
772.000000,0.002943
773.000000,0.002950
774.000000,0.002958
775.000000,0.002965
776.000000,0.002973
777.000000,0.002980
778.000000,0.002987
779.000000,0.002995
780.000000,0.003002
781.000000,0.003010
782.000000,0.003017
783.000000,0.003025
784.000000,0.003032
785.000000,0.003040
786.000000,0.003047
787.000000,0.003055
788.000000,0.003062
789.000000,0.003070
790.000000,0.003078
791.000000,0.003085
792.000000,0.003093
793.000000,0.003100
794.000000,0.003108
795.000000,0.003116
796.000000,0.003123
797.000000,0.003131
798.000000,0.003138
799.000000,0.003146
800.000000,0.003154
801.000000,0.003161
802.000000,0.003169
803.000000,0.003177
804.000000,0.003184
805.000000,0.003192
806.000000,0.003200
807.000000,0.003207
808.000000,0.003215
809.000000,0.003223
810.000000,0.003230
811.000000,0.003238
812.000000,0.003246
813.000000,0.003254
814.000000,0.003261
815.000000,0.003269
816.000000,0.003277
817.000000,0.003285
818.000000,0.003292
819.000000,0.003300
820.000000,0.003308
821.000000,0.003316
822.000000,0.003324
823.000000,0.003331
824.000000,0.003339
825.000000,0.003347
826.000000,0.003355
827.000000,0.003363
828.000000,0.003371
829.000000,0.003379
830.000000,0.003386
831.000000,0.003394
832.000000,0.003402
833.000000,0.003410
834.000000,0.003418
835.000000,0.003426
836.000000,0.003434
837.000000,0.003442
838.000000,0.003450
839.000000,0.003458
840.000000,0.003466
841.000000,0.003474
842.000000,0.003482
843.000000,0.003490
844.000000,0.003498
845.000000,0.003506
846.000000,0.003514
847.000000,0.003522
848.000000,0.003530
849.000000,0.003538
850.000000,0.003546
851.000000,0.003554
852.000000,0.003562
853.000000,0.003570
854.000000,0.003578
855.000000,0.003586
856.000000,0.003594
857.000000,0.003602
858.000000,0.003610
859.000000,0.003618
860.000000,0.003626
861.000000,0.003634
862.000000,0.003643
863.000000,0.003651
864.000000,0.003659
865.000000,0.003667
866.000000,0.003675
867.000000,0.003683
868.000000,0.003692
869.000000,0.003700
870.000000,0.003708
871.000000,0.003716
872.000000,0.003724
873.000000,0.003732
874.000000,0.003741
875.000000,0.003749
876.000000,0.003757
877.000000,0.003765
878.000000,0.003774
879.000000,0.003782
880.000000,0.003790
881.000000,0.003798
882.000000,0.003807
883.000000,0.003815
884.000000,0.003823
885.000000,0.003832
886.000000,0.003840
887.000000,0.003848
888.000000,0.003857
889.000000,0.003865
890.000000,0.003873
891.000000,0.003882
892.000000,0.003890
893.000000,0.003898
894.000000,0.003907
895.000000,0.003915
896.000000,0.003923
897.000000,0.003932
898.000000,0.003940
899.000000,0.003949
900.000000,0.003957
901.000000,0.003965
902.000000,0.003974
903.000000,0.003982
904.000000,0.003991
905.000000,0.003999
906.000000,0.004008
907.000000,0.004016
908.000000,0.004024
909.000000,0.004033
910.000000,0.004041
911.000000,0.004050
912.000000,0.004058
913.000000,0.004067
914.000000,0.004075
915.000000,0.004084
916.000000,0.004093
917.000000,0.004101
918.000000,0.004110
919.000000,0.004118
920.000000,0.004127
921.000000,0.004135
922.000000,0.004144
923.000000,0.004152
924.000000,0.004161
925.000000,0.004170
926.000000,0.004178
927.000000,0.004187
928.000000,0.004195
929.000000,0.004204
930.000000,0.004213
931.000000,0.004221
932.000000,0.004230
933.000000,0.004239
934.000000,0.004247
935.000000,0.004256
936.000000,0.004265
937.000000,0.004273
938.000000,0.004282
939.000000,0.004291
940.000000,0.004299
941.000000,0.004308
942.000000,0.004317
943.000000,0.004326
944.000000,0.004334
945.000000,0.004343
946.000000,0.004352
947.000000,0.004360
948.000000,0.004369
949.000000,0.004378
950.000000,0.004387
951.000000,0.004396
952.000000,0.004404
953.000000,0.004413
954.000000,0.004422
955.000000,0.004431
956.000000,0.004440
957.000000,0.004448
958.000000,0.004457
959.000000,0.004466
960.000000,0.004475
961.000000,0.004484
962.000000,0.004493
963.000000,0.004501
964.000000,0.004510
965.000000,0.004519
966.000000,0.004528
967.000000,0.004537
968.000000,0.004546
969.000000,0.004555
970.000000,0.004564
971.000000,0.004573
972.000000,0.004582
973.000000,0.004591
974.000000,0.004599
975.000000,0.004608
976.000000,0.004617
977.000000,0.004626
978.000000,0.004635
979.000000,0.004644
980.000000,0.004653
981.000000,0.004662
982.000000,0.004671
983.000000,0.004680
984.000000,0.004689
985.000000,0.004698
986.000000,0.004707
987.000000,0.004716
988.000000,0.004725
989.000000,0.004734
990.000000,0.004743
991.000000,0.004753
992.000000,0.004762
993.000000,0.004771
994.000000,0.004780
995.000000,0.004789
996.000000,0.004798
997.000000,0.004807
998.000000,0.004816
999.000000,0.004825
1000.000000,0.004834
1001.000000,0.004843
1002.000000,0.004853
1003.000000,0.004862
1004.000000,0.004871
1005.000000,0.004880
1006.000000,0.004889
1007.000000,0.004898
1008.000000,0.004908
1009.000000,0.004917
1010.000000,0.004926
1011.000000,0.004935
1012.000000,0.004944
1013.000000,0.004954
1014.000000,0.004963
1015.000000,0.004972
1016.000000,0.004981
1017.000000,0.004990
1018.000000,0.005000
1019.000000,0.005009
1020.000000,0.005018
1021.000000,0.005027
1022.000000,0.005037
1023.000000,0.005046
1024.000000,0.005055
1025.000000,0.005065
1026.000000,0.005074
1027.000000,0.005083
1028.000000,0.005092
1029.000000,0.005102
1030.000000,0.005111
1031.000000,0.005120
1032.000000,0.005130
1033.000000,0.005139
1034.000000,0.005148
1035.000000,0.005158
1036.000000,0.005167
1037.000000,0.005176
1038.000000,0.005186
1039.000000,0.005195
1040.000000,0.005205
1041.000000,0.005214
1042.000000,0.005223
1043.000000,0.005233
1044.000000,0.005242
1045.000000,0.005252
1046.000000,0.005261
1047.000000,0.005270
1048.000000,0.005280
1049.000000,0.005289
1050.000000,0.005299
1051.000000,0.005308
1052.000000,0.005318
1053.000000,0.005327
1054.000000,0.005337
1055.000000,0.005346
1056.000000,0.005356
1057.000000,0.005365
1058.000000,0.005375
1059.000000,0.005384
1060.000000,0.005394
1061.000000,0.005403
1062.000000,0.005413
1063.000000,0.005422
1064.000000,0.005432
1065.000000,0.005441
1066.000000,0.005451
1067.000000,0.005460
1068.000000,0.005470
1069.000000,0.005480
1070.000000,0.005489
1071.000000,0.005499
1072.000000,0.005508
1073.000000,0.005518
1074.000000,0.005528
1075.000000,0.005537
1076.000000,0.005547
1077.000000,0.005556
1078.000000,0.005566
1079.000000,0.005576
1080.000000,0.005585
1081.000000,0.005595
1082.000000,0.005605
1083.000000,0.005614
1084.000000,0.005624
1085.000000,0.005634
1086.000000,0.005643
1087.000000,0.005653
1088.000000,0.005663
1089.000000,0.005672
1090.000000,0.005682
1091.000000,0.005692
1092.000000,0.005702
1093.000000,0.005711
1094.000000,0.005721
1095.000000,0.005731
1096.000000,0.005740
1097.000000,0.005750
1098.000000,0.005760
1099.000000,0.005770
1100.000000,0.005780
1101.000000,0.005789
1102.000000,0.005799
1103.000000,0.005809
1104.000000,0.005819
1105.000000,0.005828
1106.000000,0.005838
1107.000000,0.005848
1108.000000,0.005858
1109.000000,0.005868
1110.000000,0.005878
1111.000000,0.005887
1112.000000,0.005897
1113.000000,0.005907
1114.000000,0.005917
1115.000000,0.005927
1116.000000,0.005937
1117.000000,0.005947
1118.000000,0.005956
1119.000000,0.005966
1120.000000,0.005976
1121.000000,0.005986
1122.000000,0.005996
1123.000000,0.006006
1124.000000,0.006016
1125.000000,0.006026
1126.000000,0.006036
1127.000000,0.006046
1128.000000,0.006055
1129.000000,0.006065
1130.000000,0.006075
1131.000000,0.006085
1132.000000,0.006095
1133.000000,0.006105
1134.000000,0.006115
1135.000000,0.006125
1136.000000,0.006135
1137.000000,0.006145
1138.000000,0.006155
1139.000000,0.006165
1140.000000,0.006175
1141.000000,0.006185
1142.000000,0.006195
1143.000000,0.006205
1144.000000,0.006215
1145.000000,0.006225
1146.000000,0.006235
1147.000000,0.006245
1148.000000,0.006256
1149.000000,0.006266
1150.000000,0.006276
1151.000000,0.006286
1152.000000,0.006296
1153.000000,0.006306
1154.000000,0.006316
1155.000000,0.006326
1156.000000,0.006336
1157.000000,0.006346
1158.000000,0.006356
1159.000000,0.006367
1160.000000,0.006377
1161.000000,0.006387
1162.000000,0.006397
1163.000000,0.006407
1164.000000,0.006417
1165.000000,0.006427
1166.000000,0.006438
1167.000000,0.006448
1168.000000,0.006458
1169.000000,0.006468
1170.000000,0.006478
1171.000000,0.006488
1172.000000,0.006499
1173.000000,0.006509
1174.000000,0.006519
1175.000000,0.006529
1176.000000,0.006539
1177.000000,0.006550
1178.000000,0.006560
1179.000000,0.006570
1180.000000,0.006580
1181.000000,0.006591
1182.000000,0.006601
1183.000000,0.006611
1184.000000,0.006621
1185.000000,0.006632
1186.000000,0.006642
1187.000000,0.006652
1188.000000,0.006663
1189.000000,0.006673
1190.000000,0.006683
1191.000000,0.006693
1192.000000,0.006704
1193.000000,0.006714
1194.000000,0.006724
1195.000000,0.006735
1196.000000,0.006745
1197.000000,0.006755
1198.000000,0.006766
1199.000000,0.006776
1200.000000,0.006786
1201.000000,0.006797
1202.000000,0.006807
1203.000000,0.006818
1204.000000,0.006828
1205.000000,0.006838
1206.000000,0.006849
1207.000000,0.006859
1208.000000,0.006869
1209.000000,0.006880
1210.000000,0.006890
1211.000000,0.006901
1212.000000,0.006911
1213.000000,0.006922
1214.000000,0.006932
1215.000000,0.006942
1216.000000,0.006953
1217.000000,0.006963
1218.000000,0.006974
1219.000000,0.006984
1220.000000,0.006995
1221.000000,0.007005
1222.000000,0.007016
1223.000000,0.007026
1224.000000,0.007037
1225.000000,0.007047
1226.000000,0.007058
1227.000000,0.007068
1228.000000,0.007079
1229.000000,0.007089
1230.000000,0.007100
1231.000000,0.007110
1232.000000,0.007121
1233.000000,0.007131
1234.000000,0.007142
1235.000000,0.007152
1236.000000,0.007163
1237.000000,0.007173
1238.000000,0.007184
1239.000000,0.007194
1240.000000,0.007205
1241.000000,0.007216
1242.000000,0.007226
1243.000000,0.007237
1244.000000,0.007247
1245.000000,0.007258
1246.000000,0.007269
1247.000000,0.007279
1248.000000,0.007290
1249.000000,0.007300
1250.000000,0.007311
1251.000000,0.007322
1252.000000,0.007332
1253.000000,0.007343
1254.000000,0.007353
1255.000000,0.007364
1256.000000,0.007375
1257.000000,0.007385
1258.000000,0.007396
1259.000000,0.007407
1260.000000,0.007417
1261.000000,0.007428
1262.000000,0.007439
1263.000000,0.007449
1264.000000,0.007460
1265.000000,0.007471
1266.000000,0.007482
1267.000000,0.007492
1268.000000,0.007503
1269.000000,0.007514
1270.000000,0.007524
1271.000000,0.007535
1272.000000,0.007546
1273.000000,0.007557
1274.000000,0.007567
1275.000000,0.007578
1276.000000,0.007589
1277.000000,0.007600
1278.000000,0.007610
1279.000000,0.007621
1280.000000,0.007632
1281.000000,0.007643
1282.000000,0.007653
1283.000000,0.007664
1284.000000,0.007675
1285.000000,0.007686
1286.000000,0.007697
1287.000000,0.007707
1288.000000,0.007718
1289.000000,0.007729
1290.000000,0.007740
1291.000000,0.007751
1292.000000,0.007761
1293.000000,0.007772
1294.000000,0.007783
1295.000000,0.007794
1296.000000,0.007805
1297.000000,0.007816
1298.000000,0.007827
1299.000000,0.007837
1300.000000,0.007848
1301.000000,0.007859
1302.000000,0.007870
1303.000000,0.007881
1304.000000,0.007892
1305.000000,0.007903
1306.000000,0.007914
1307.000000,0.007924
1308.000000,0.007935
1309.000000,0.007946
1310.000000,0.007957
1311.000000,0.007968
1312.000000,0.007979
1313.000000,0.007990
1314.000000,0.008001
1315.000000,0.008012
1316.000000,0.008023
1317.000000,0.008034
1318.000000,0.008045
1319.000000,0.008056
1320.000000,0.008066
1321.000000,0.008077
1322.000000,0.008088
1323.000000,0.008099
1324.000000,0.008110
1325.000000,0.008121
1326.000000,0.008132
1327.000000,0.008143
1328.000000,0.008154
1329.000000,0.008165
1330.000000,0.008176
1331.000000,0.008187
1332.000000,0.008198
1333.000000,0.008209
1334.000000,0.008220
1335.000000,0.008231
1336.000000,0.008242
1337.000000,0.008253
1338.000000,0.008264
1339.000000,0.008275
1340.000000,0.008286
1341.000000,0.008298
1342.000000,0.008309
1343.000000,0.008320
1344.000000,0.008331
1345.000000,0.008342
1346.000000,0.008353
1347.000000,0.008364
1348.000000,0.008375
1349.000000,0.008386
1350.000000,0.008397
1351.000000,0.008408
1352.000000,0.008419
1353.000000,0.008430
1354.000000,0.008441
1355.000000,0.008453
1356.000000,0.008464
1357.000000,0.008475
1358.000000,0.008486
1359.000000,0.008497
1360.000000,0.008508
1361.000000,0.008519
1362.000000,0.008530
1363.000000,0.008542
1364.000000,0.008553
1365.000000,0.008564
1366.000000,0.008575
1367.000000,0.008586
1368.000000,0.008597
1369.000000,0.008608
1370.000000,0.008620
1371.000000,0.008631
1372.000000,0.008642
1373.000000,0.008653
1374.000000,0.008664
1375.000000,0.008675
1376.000000,0.008687
1377.000000,0.008698
1378.000000,0.008709
1379.000000,0.008720
1380.000000,0.008731
1381.000000,0.008743
1382.000000,0.008754
1383.000000,0.008765
1384.000000,0.008776
1385.000000,0.008787
1386.000000,0.008799
1387.000000,0.008810
1388.000000,0.008821
1389.000000,0.008832
1390.000000,0.008844
1391.000000,0.008855
1392.000000,0.008866
1393.000000,0.008877
1394.000000,0.008889
1395.000000,0.008900
1396.000000,0.008911
1397.000000,0.008922
1398.000000,0.008934
1399.000000,0.008945
1400.000000,0.008956
1401.000000,0.008967
1402.000000,0.008979
1403.000000,0.008990
1404.000000,0.009001
1405.000000,0.009013
1406.000000,0.009024
1407.000000,0.009035
1408.000000,0.009047
1409.000000,0.009058
1410.000000,0.009069
1411.000000,0.009080
1412.000000,0.009092
1413.000000,0.009103
1414.000000,0.009114
1415.000000,0.009126
1416.000000,0.009137
1417.000000,0.009148
1418.000000,0.009160
1419.000000,0.009171
1420.000000,0.009182
1421.000000,0.009194
1422.000000,0.009205
1423.000000,0.009216
1424.000000,0.009228
1425.000000,0.009239
1426.000000,0.009251
1427.000000,0.009262
1428.000000,0.009273
1429.000000,0.009285
1430.000000,0.009296
1431.000000,0.009307
1432.000000,0.009319
1433.000000,0.009330
1434.000000,0.009342
1435.000000,0.009353
1436.000000,0.009364
1437.000000,0.009376
1438.000000,0.009387
1439.000000,0.009398
1440.000000,0.009410
1441.000000,0.009421
1442.000000,0.009433
1443.000000,0.009444
1444.000000,0.009456
1445.000000,0.009467
1446.000000,0.009478
1447.000000,0.009490
1448.000000,0.009501
1449.000000,0.009513
1450.000000,0.009524
1451.000000,0.009536
1452.000000,0.009547
1453.000000,0.009558
1454.000000,0.009570
1455.000000,0.009581
1456.000000,0.009593
1457.000000,0.009604
1458.000000,0.009616
1459.000000,0.009627
1460.000000,0.009639
1461.000000,0.009650
1462.000000,0.009662
1463.000000,0.009673
1464.000000,0.009684
1465.000000,0.009696
1466.000000,0.009707
1467.000000,0.009719
1468.000000,0.009730
1469.000000,0.009742
1470.000000,0.009753
1471.000000,0.009765
1472.000000,0.009776
1473.000000,0.009788
1474.000000,0.009799
1475.000000,0.009811
1476.000000,0.009822
1477.000000,0.009834
1478.000000,0.009845
1479.000000,0.009857
1480.000000,0.009868
1481.000000,0.009880
1482.000000,0.009891
1483.000000,0.009903
1484.000000,0.009914
1485.000000,0.009926
1486.000000,0.009937
1487.000000,0.009949
1488.000000,0.009961
1489.000000,0.009972
1490.000000,0.009984
1491.000000,0.009995
1492.000000,0.010007
1493.000000,0.010018
1494.000000,0.010030
1495.000000,0.010041
1496.000000,0.010053
1497.000000,0.010064
1498.000000,0.010076
1499.000000,0.010088
1500.000000,0.010099
1501.000000,0.010111
1502.000000,0.010122
1503.000000,0.010134
1504.000000,0.010145
1505.000000,0.010157
1506.000000,0.010168
1507.000000,0.010180
1508.000000,0.010192
1509.000000,0.010203
1510.000000,0.010215
1511.000000,0.010226
1512.000000,0.010238
1513.000000,0.010249
1514.000000,0.010261
1515.000000,0.010273
1516.000000,0.010284
1517.000000,0.010296
1518.000000,0.010307
1519.000000,0.010319
1520.000000,0.010331
1521.000000,0.010342
1522.000000,0.010354
1523.000000,0.010365
1524.000000,0.010377
1525.000000,0.010389
1526.000000,0.010400
1527.000000,0.010412
1528.000000,0.010423
1529.000000,0.010435
1530.000000,0.010447
1531.000000,0.010458
1532.000000,0.010470
1533.000000,0.010482
1534.000000,0.010493
1535.000000,0.010505
1536.000000,0.010516
1537.000000,0.010528
1538.000000,0.010540
1539.000000,0.010551
1540.000000,0.010563
1541.000000,0.010575
1542.000000,0.010586
1543.000000,0.010598
1544.000000,0.010609
1545.000000,0.010621
1546.000000,0.010633
1547.000000,0.010644
1548.000000,0.010656
1549.000000,0.010668
1550.000000,0.010679
1551.000000,0.010691
1552.000000,0.010703
1553.000000,0.010714
1554.000000,0.010726
1555.000000,0.010738
1556.000000,0.010749
1557.000000,0.010761
1558.000000,0.010773
1559.000000,0.010784
1560.000000,0.010796
1561.000000,0.010808
1562.000000,0.010819
1563.000000,0.010831
1564.000000,0.010843
1565.000000,0.010854
1566.000000,0.010866
1567.000000,0.010877
1568.000000,0.010889
1569.000000,0.010901
1570.000000,0.010913
1571.000000,0.010924
1572.000000,0.010936
1573.000000,0.010948
1574.000000,0.010959
1575.000000,0.010971
1576.000000,0.010983
1577.000000,0.010994
1578.000000,0.011006
1579.000000,0.011018
1580.000000,0.011029
1581.000000,0.011041
1582.000000,0.011053
1583.000000,0.011064
1584.000000,0.011076
1585.000000,0.011088
1586.000000,0.011099
1587.000000,0.011111
1588.000000,0.011123
1589.000000,0.011134
1590.000000,0.011146
1591.000000,0.011158
1592.000000,0.011169
1593.000000,0.011181
1594.000000,0.011193
1595.000000,0.011205
1596.000000,0.011216
1597.000000,0.011228
1598.000000,0.011240
1599.000000,0.011251
1600.000000,0.011263
1601.000000,0.011275
1602.000000,0.011286
1603.000000,0.011298
1604.000000,0.011310
1605.000000,0.011321
1606.000000,0.011333
1607.000000,0.011345
1608.000000,0.011357
1609.000000,0.011368
1610.000000,0.011380
1611.000000,0.011392
1612.000000,0.011403
1613.000000,0.011415
1614.000000,0.011427
1615.000000,0.011438
1616.000000,0.011450
1617.000000,0.011462
1618.000000,0.011474
1619.000000,0.011485
1620.000000,0.011497
1621.000000,0.011509
1622.000000,0.011520
1623.000000,0.011532
1624.000000,0.011544
1625.000000,0.011555
1626.000000,0.011567
1627.000000,0.011579
1628.000000,0.011591
1629.000000,0.011602
1630.000000,0.011614
1631.000000,0.011626
1632.000000,0.011637
1633.000000,0.011649
1634.000000,0.011661
1635.000000,0.011673
1636.000000,0.011684
1637.000000,0.011696
1638.000000,0.011708
1639.000000,0.011719
1640.000000,0.011731
1641.000000,0.011743
1642.000000,0.011754
1643.000000,0.011766
1644.000000,0.011778
1645.000000,0.011790
1646.000000,0.011801
1647.000000,0.011813
1648.000000,0.011825
1649.000000,0.011836
1650.000000,0.011848
1651.000000,0.011860
1652.000000,0.011871
1653.000000,0.011883
1654.000000,0.011895
1655.000000,0.011907
1656.000000,0.011918
1657.000000,0.011930
1658.000000,0.011942
1659.000000,0.011953
1660.000000,0.011965
1661.000000,0.011977
1662.000000,0.011988
1663.000000,0.012000
1664.000000,0.012012
1665.000000,0.012024
1666.000000,0.012035
1667.000000,0.012047
1668.000000,0.012059
1669.000000,0.012070
1670.000000,0.012082
1671.000000,0.012094
1672.000000,0.012105
1673.000000,0.012117
1674.000000,0.012129
1675.000000,0.012141
1676.000000,0.012152
1677.000000,0.012164
1678.000000,0.012176
1679.000000,0.012187
1680.000000,0.012199
1681.000000,0.012211
1682.000000,0.012222
1683.000000,0.012234
1684.000000,0.012246
1685.000000,0.012257
1686.000000,0.012269
1687.000000,0.012281
1688.000000,0.012292
1689.000000,0.012304
1690.000000,0.012316
1691.000000,0.012327
1692.000000,0.012339
1693.000000,0.012351
1694.000000,0.012363
1695.000000,0.012374
1696.000000,0.012386
1697.000000,0.012398
1698.000000,0.012409
1699.000000,0.012421
1700.000000,0.012433
1701.000000,0.012444
1702.000000,0.012456
1703.000000,0.012468
1704.000000,0.012479
1705.000000,0.012491
1706.000000,0.012503
1707.000000,0.012514
1708.000000,0.012526
1709.000000,0.012538
1710.000000,0.012549
1711.000000,0.012561
1712.000000,0.012572
1713.000000,0.012584
1714.000000,0.012596
1715.000000,0.012607
1716.000000,0.012619
1717.000000,0.012631
1718.000000,0.012642
1719.000000,0.012654
1720.000000,0.012666
1721.000000,0.012677
1722.000000,0.012689
1723.000000,0.012701
1724.000000,0.012712
1725.000000,0.012724
1726.000000,0.012736
1727.000000,0.012747
1728.000000,0.012759
1729.000000,0.012770
1730.000000,0.012782
1731.000000,0.012794
1732.000000,0.012805
1733.000000,0.012817
1734.000000,0.012829
1735.000000,0.012840
1736.000000,0.012852
1737.000000,0.012863
1738.000000,0.012875
1739.000000,0.012887
1740.000000,0.012898
1741.000000,0.012910
1742.000000,0.012921
1743.000000,0.012933
1744.000000,0.012945
1745.000000,0.012956
1746.000000,0.012968
1747.000000,0.012980
1748.000000,0.012991
1749.000000,0.013003
1750.000000,0.013014
1751.000000,0.013026
1752.000000,0.013037
1753.000000,0.013049
1754.000000,0.013061
1755.000000,0.013072
1756.000000,0.013084
1757.000000,0.013095
1758.000000,0.013107
1759.000000,0.013119
1760.000000,0.013130
1761.000000,0.013142
1762.000000,0.013153
1763.000000,0.013165
1764.000000,0.013176
1765.000000,0.013188
1766.000000,0.013200
1767.000000,0.013211
1768.000000,0.013223
1769.000000,0.013234
1770.000000,0.013246
1771.000000,0.013257
1772.000000,0.013269
1773.000000,0.013280
1774.000000,0.013292
1775.000000,0.013304
1776.000000,0.013315
1777.000000,0.013327
1778.000000,0.013338
1779.000000,0.013350
1780.000000,0.013361
1781.000000,0.013373
1782.000000,0.013384
1783.000000,0.013396
1784.000000,0.013407
1785.000000,0.013419
1786.000000,0.013430
1787.000000,0.013442
1788.000000,0.013453
1789.000000,0.013465
1790.000000,0.013476
1791.000000,0.013488
1792.000000,0.013499
1793.000000,0.013511
1794.000000,0.013522
1795.000000,0.013534
1796.000000,0.013545
1797.000000,0.013557
1798.000000,0.013568
1799.000000,0.013580
1800.000000,0.013591
1801.000000,0.013603
1802.000000,0.013614
1803.000000,0.013626
1804.000000,0.013637
1805.000000,0.013649
1806.000000,0.013660
1807.000000,0.013672
1808.000000,0.013683
1809.000000,0.013694
1810.000000,0.013706
1811.000000,0.013717
1812.000000,0.013729
1813.000000,0.013740
1814.000000,0.013752
1815.000000,0.013763
1816.000000,0.013775
1817.000000,0.013786
1818.000000,0.013797
1819.000000,0.013809
1820.000000,0.013820
